article_id,ticker,title,summary,published_at,news_date,mapped_transaction_date,next_day_return_percentage,volatility_level,groq_label
1445217,TNG,TNG: Báo cáo sở hữu của cổ đông lớn - Forum One - VinaCapital VietNam Fund,,2026-05-21 16:37:00.000,2026-05-21,2026-05-21,0.0,Low,Neutral
1431047,VGS,VGS: Nghị quyết Đại hội đồng cổ đông thường niên năm 2026,,2026-04-21 10:07:00.000,2026-04-21,2026-04-21,-0.4159733777038181,Low,Negative
1441690,KDH,KDH: Thông báo nhận được Văn bản của UBCKNN về việc tuân thủ quy định về chào bán trái phiếu doanh nghiệp riêng lẻ,,2026-05-12 17:25:15.000,2026-05-12,2026-05-12,-1.271186440677969,Low,Neutral
1432849,AGR,AGR: Nghị quyết HĐQT về việc ký hợp đồng tư vấn chào bán cổ phiếu riêng lẻ với ABIC,,2026-04-23 17:38:17.000,2026-04-23,2026-04-23,-0.34246575342465024,Low,Neutral
1441863,AMV,AMV: Thông báo về ngày đăng ký cuối cùng để thực hiện quyền tham dự Đại hội đồng cổ đông thường niên năm 2026,,2026-05-13 09:37:00.000,2026-05-13,2026-05-13,0.0,Low,Neutral
1442546,API,API: Báo cáo tài chính kiểm toán năm 2025 (hợp nhất),,2026-05-14 13:22:00.000,2026-05-14,2026-05-14,-3.174603174603177,Low,Negative
1433883,APS,APS: Tài liệu họp Đại hội đồng cổ đông thường niên năm 2026,,2026-04-24 19:30:00.000,2026-04-24,2026-04-24,0.0,Low,Neutral
1447518,MSB,Một cổ đông Nhà nước hoàn tất thoái vốn Ngân hàng MSB,"Trong ngày 26/05, Tổng Công ty Bảo đảm an toàn hàng hải Việt Nam (VMSC) thông báo đã hoàn tất bán ra toàn bộ cổ phần sở hữu tại Ngân hàng TMCP Hàng hải Việt Nam (HOSE: MSB).",2026-05-27 20:15:00.000,2026-05-27,2026-05-27,0.6666666666666643,High,Neutral
1429129,BMP,Nhựa Bình Minh chia cổ tức tiền mặt kỷ lục 148.6% cho năm 2025,"Sau năm kinh doanh bùng nổ, CTCP Nhựa Bình Minh (HOSE: BMP) quyết định trả cổ tức tiền mặt 2025 ở mức cao nhất lịch sử.",2026-04-17 14:36:29.440,2026-04-17,2026-04-17,3.8486254908960986,Low,Positive
1438020,BVH,Tập đoàn Bảo Việt chi hàng trăm tỷ gom cổ phiếu công nghệ,"Tập đoàn Bảo Việt (HOSE: BVH) đẩy mạnh giải ngân vào cổ phiếu FPT trong quý 1/2026, nâng quy mô đầu tư từ 125 tỷ đồng đầu năm lên hơn 442 tỷ đồng vào cuối kỳ. Tuy nhiên, khoản đầu tư này hiện đang tạm lỗ nhẹ khoảng 4.8 tỷ đồng trên sổ sách.",2026-05-05 17:41:00.000,2026-05-05,2026-05-05,-1.0115606936416226,Low,Negative
1375284,CAP,CAP: Báo cáo thường niên 2025,,2025-11-25 14:33:00.000,2025-11-25,2025-11-25,0.23828435266083214,Low,Positive
1433655,DPM,"DPM: Sửa đổi, bổ sung Điều lệ, Quy chế nội bộ về quản trị và Quy chế hoạt động của HĐQT",,2026-04-24 17:36:28.000,2026-04-24,2026-04-24,-3.0245746691871482,Low,Neutral
1427410,NHA,NHA: Hồ sơ ứng cử thành viên HĐQT độc lập,,2026-04-14 15:21:52.000,2026-04-14,2026-04-14,-0.36496350364962726,Low,Negative
1436793,HHV,HHV: BCTC Hợp nhất quý 1 năm 2026 ,,2026-04-29 00:00:00.000,2026-04-29,2026-04-29,1.5999999999999945,Low,Neutral
1449547,PDR,"40,000 sản phẩm dinh dưỡng Vinamilk tiếp sức chương trình “Tổ quốc bình yên”","Hưởng ứng các hoạt động trong Cuộc thi sáng tạo video clip “Tổ quốc bình yên” do Công an Thành phố Hà Nội tổ chức, Vinamilk đã hỗ trợ 40,000 sản phẩm dinh dưỡng gồm nước uống Vinamilk, sữa tươi Vinamilk 100%, sữa SUSU và sữa chua uống Green Farm dành cho cán bộ, chiến sĩ và người dân tham gia chương trình. Hoạt động góp phần lan tỏa những giá trị tích cực, khuyến khích sự chung tay của cộng đồng trong việc xây dựng môi trường sống an toàn, văn minh.",2026-06-02 13:12:04.427,2026-06-02,2026-06-02,0.32786885245902103,High,Positive
1436182,GVR,GVR: Thông báo thay đổi nhân sự,,2026-04-29 19:09:42.000,2026-04-29,2026-04-29,6.973293768545977,Low,Neutral
1428075,VRE,Thông điệp 2026 từ lãnh đạo “ông lớn” bất động sản: Tăng tốc hay phòng thủ?,"Sau một năm đầy biến động, thông điệp từ các “ông lớn” như Vingroup, Novaland, GELEX hay Nam Long cho thấy bức tranh bất động sản 2026 đang dần phân hóa rõ nét: có doanh nghiệp chọn tăng tốc, có đơn vị ưu tiên tái cấu trúc. Tựu trung, toàn ngành đang dịch chuyển sang một quỹ đạo mới, đề cao kỷ luật, củng cố nền tảng và theo đuổi giá trị bền vững, trong bối cảnh chu kỳ phát triển tiếp theo đòi hỏi tầm nhìn dài hạn và khả năng thích ứng cao hơn.",2026-04-16 09:02:00.000,2026-04-16,2026-04-16,-3.378378378378378,Low,Neutral
1432164,CTR,"ĐHĐCĐ CTR: Tăng tốc giai đoạn mới, phát triển nhà ở xã hội mang thương hiệu Viettel","Chiều ngày 22/04, Tổng CTCP Công trình Viettel (Viettel Construction, HOSE: CTR) đã tổ chức Đại hội đồng cổ đông thường niên năm 2026, thông qua nhiều nội dung quan trọng về kế hoạch tăng trưởng, định hướng mở rộng lĩnh vực kinh doanh và quay lại phương án chia cổ tức kết hợp tiền mặt - cổ phiếu sau nhiều năm. Tỷ lệ cổ đông tham dự đại diện cho 69% tổng số cổ phần có quyền biểu quyết.",2026-04-23 09:08:11.547,2026-04-23,2026-04-23,1.3953488372093057,High,Positive
1451456,PC1,PC1: Báo cáo về ngày trở thành cổ đông lớn Công ty TNHH Thương mại Đầu tư CII,,2026-06-05 18:49:17.000,2026-06-05,2026-06-05,2.144772117962478,Low,Positive
1432538,SAB,SAB: Giải trình BCTC HN và Riêng quý 1/2026 so với cùng kỳ năm trước,,2026-04-23 13:32:11.000,2026-04-23,2026-04-23,-2.4896265560166033,High,Negative
1424380,TCH,TCH: Thông báo Quyết định của Thuế TP Hải Phòng về việc xử phạt vi phạm hành chính về thuế,,2026-04-07 17:56:22.000,2026-04-07,2026-04-07,6.811145510835923,Low,Neutral
1426074,TIP,TIP: Thông báo về ngày đăng ký cuối cùng để chi cổ tức 2025 và tham dự ĐHĐCĐ bất thường năm 2026,,2026-04-10 14:55:45.000,2026-04-10,2026-04-10,0.27472527472527863,Low,Positive
1431803,PPE,PPE: Báo cáo tình hình sử dụng vốn thu được từ đợt phát hành cổ phiếu tăng vốn điều lệ (Mẫu 01),,2026-04-22 10:18:00.000,2026-04-22,2026-04-24,0.0,Low,Neutral
1435673,VHC,"Lợi nhuận ròng quý 1 của Vĩnh Hoàn tăng 38%, tạm ứng nhân viên hơn 300 tỷ","BCTC quý đầu năm của CTCP Vĩnh Hoàn (HOSE: VHC) cho thấy kết quả kinh doanh khởi đầu khá tích cực, nhưng đi kèm là khoản tạm ứng nhân viên quy mô hơn 300 tỷ đồng.",2026-05-01 19:02:00.000,2026-05-01,2026-05-04,1.134521880064823,Low,Positive
1436991,NDN,NDN: Nghị quyết Đại hội đồng cổ đông thường niên năm 2026,,2026-05-04 11:14:00.000,2026-05-04,2026-05-04,0.0,Low,Neutral
1442034,CTD,"Thị giá giảm mạnh, quỹ ngoại Hàn Quốc xả gần 1 triệu cp và rời ghế cổ đông lớn Coteccons","Nhóm quỹ thuộc KIM Việt Nam bán gần 1 triệu cổ phiếu CTD trong bối cảnh thị giá giảm sâu, khiến tỷ lệ sở hữu của quỹ ngoại Hàn Quốc giảm về dưới 5% và chính thức rời ghế cổ đông lớn của Coteccons.",2026-05-13 14:33:48.183,2026-05-13,2026-05-13,4.155495978552291,Low,Negative
1422149,CVN,CVN: Báo cáo tài chính năm 2025,,2026-04-02 16:45:00.000,2026-04-02,2026-04-03,9.09090909090908,High,Positive
1440301,DPR,"DPR: Nghị quyết HĐQT về việc thông qua ngày đăng ký cuối cùng, thời gian, địa điểm và hình thức tổ chức ĐHĐCĐ thường niên năm 2026",,2026-05-08 17:42:47.000,2026-05-08,2026-05-08,0.36057692307691963,High,Neutral
1434248,DRC,DRC: Điều lệ công ty sửa đổi ban hành tháng 04/2026,,2026-04-28 09:15:40.000,2026-04-28,2026-04-28,0.0,High,Neutral
1444393,DXG,DXG: Nghị quyết HĐQT thông qua chủ trương góp vốn đầu tư công ty con - Công ty Cổ phần Bluemarq Asset Management,,2026-05-19 18:00:11.000,2026-05-19,2026-05-19,-6.899004267425324,Low,Neutral
1418572,ASM,ASM: BCTC năm 2025 ,,2026-03-28 00:00:00.000,2026-03-28,2026-03-30,-0.3508771929824642,Low,Negative
1446817,MBS,MBS: Báo cáo kết quả giao dịch quyền mua cổ phiếu của Ngân hàng TMCP Quân Đội,,2026-05-26 15:46:00.000,2026-05-26,2026-05-26,-0.49019607843136215,High,Negative
1443515,DDG,DDG: Biển pháp và lộ trình khắc phục tình trạng chứng khoán duy trì diện bị cảnh báo và kiểm soát,,2026-05-18 09:04:00.000,2026-05-18,2026-05-22,0.0,Low,Negative
1445593,HSG,HSG: Quyết định về việc thay đổi đăng ký niêm yết,,2026-05-22 15:25:45.000,2026-05-22,2026-05-22,-0.39682539682538837,High,Negative
1432809,HT1,HT1: Biên bản họp ĐHĐCĐ thường niên 2026,,2026-04-23 17:15:23.000,2026-04-23,2026-04-23,-0.33112582781456246,Low,Negative
1418282,IDI,IDI: Giải trình BCTC năm 2025 so với cùng kỳ năm trước,,2026-03-30 08:55:27.000,2026-03-30,2026-03-30,-1.0218978102189693,Low,Negative
1441294,FTS,FTS: Nghị quyết HĐQT số 06-2026 ngày 11/05/2026,,2026-05-12 11:26:14.000,2026-05-12,2026-05-12,-0.7151872107698702,Low,Negative
1437989,PVI,PVI: Báo cáo tài chính hợp nhất Q1,,2026-05-05 15:45:00.000,2026-05-05,2026-05-05,0.384615384615381,Low,Neutral
1419466,TDC,TDC: BCTC năm 2025 ,,2026-03-30 00:00:00.000,2026-03-30,2026-03-30,0.0,Low,Neutral
1443670,TNH,TNH: Thông báo thay đổi nhân sự,,2026-05-18 14:41:43.000,2026-05-18,2026-05-18,-0.3015075376884358,Low,Neutral
1433585,TTA,TTA: Giải trình chênh lệch LNST BCTC TH quý 1/2026 so với cùng kỳ năm trước,,2026-04-24 16:58:53.000,2026-04-24,2026-04-24,0.46296296296295303,High,Neutral
1435332,KBC,KBC: BCTC Hợp nhất quý 1 năm 2026 ,,2026-04-29 00:00:00.000,2026-04-29,2026-04-29,1.62241887905606,Low,Neutral
1440439,KDH,Chuyển động tại KCN Lê Minh Xuân mở rộng của Khang Điền,Khu công nghiệp (KCN) Lê Minh Xuân mở rộng là một trong những tài sản đáng chú ý của CTCP Đầu tư và Kinh doanh Nhà Khang Điền (HOSE: KDH) đang có những chuyển động sau hơn một thập kỷ kể từ khi Công ty thâu tóm BCCI.,2026-05-08 21:28:53.887,2026-05-08,2026-05-08,-2.0618556701030926,Low,Neutral
1415627,L14,L14: Giải trình liên quan đến Báo cáo tài chính Tổng hợp năm 2025,,2026-03-24 14:58:00.000,2026-03-24,2026-03-24,1.7391304347826024,High,Neutral
1427654,VOS,Vosco duyệt chi tối đa 104 triệu USD để đóng hai tàu mới,"Ngày 14/04, CTCP Vận tải Biển Việt Nam (Vosco, HOSE: VOS) cho biết đã phê duyệt dự án đóng mới hai tàu dầu sản phẩm cỡ MR, dự chi tối đa 104 triệu USD, tương đương hơn 2,700 tỷ đồng.",2026-04-14 20:15:00.000,2026-04-14,2026-04-14,0.0,Low,Neutral
1449279,STB,STB: Nghị quyết HĐQT về việc thay đổi mẫu con dấu,,2026-06-01 17:07:57.000,2026-06-01,2026-06-01,-0.5970149253731428,Low,Neutral
1434811,TIG,TIG: Báo cáo thường niên 2025,,2026-04-28 14:57:00.000,2026-04-28,2026-04-28,-1.4925373134328437,High,Negative
1433410,TV2,TV2: BCTC Hợp nhất quý 1 năm 2026 ,,2026-04-23 00:00:00.000,2026-04-23,2026-04-23,3.9589442815249307,High,Neutral
1431877,BCM,BCM: Nghị quyết HĐQT về việc gia hạn thời gian tổ chức ĐHĐCĐ TN năm 2026,,2026-04-22 13:59:47.000,2026-04-22,2026-04-22,-1.630434782608706,Low,Neutral
1405466,VHL,VHL: Báo cáo thường niên 2025,,2026-02-25 15:01:00.000,2026-02-25,2026-02-25,0.0,High,Neutral
1450019,CTS,CTS: CBTT ngày ĐKCC thực hiện quyền nhận cổ tức bằng cổ phiếu,,2026-06-03 11:31:34.000,2026-06-03,2026-06-03,1.077283372365325,Low,Neutral
1434905,LCG,LCG: Link công bố điều lệ sửa đổi,,2026-04-28 16:59:33.000,2026-04-28,2026-04-28,0.0,Low,Neutral
1438163,SCI,SCI: Nghị quyết Hội đồng quản trị,,2026-05-05 17:26:00.000,2026-05-05,2026-05-05,2.8037383177570163,High,Neutral
1446901,SSI,Công ty chứng khoán chọn chiến lược phòng thủ trong sóng gió quý 1,"Kết quả tự doanh của khối công ty chứng khoán sụt giảm trong quý 1 phản ánh điều kiện thị trường khó khăn. Kết quả chung là vậy, nhưng vẫn không ít công ty tăng trưởng lợi nhuận tự doanh nhờ đi theo chiến lược phòng thủ.",2026-05-27 11:02:00.000,2026-05-27,2026-05-27,-1.2544802867383438,Low,Negative
1437138,FCN,FCN: Giải trình biến động LNST trên BCTC quý 1/2026 so với cùng kỳ năm trước,,2026-05-04 14:05:52.000,2026-05-04,2026-05-04,-1.5151515151515098,Low,Negative
1443708,MSN,"Doanh thu tăng gần 29%, WinCommerce mở mới 348 cửa hàng trong 4 tháng đầu 2026",CTCP Dịch vụ Thương mại Tổng hợp WinCommerce - công ty thành viên của Tập đoàn Masan (HOSE: MSN) - vừa cập nhật kết quả kinh doanh 4 tháng đầu năm 2026.,2026-05-18 17:00:00.000,2026-05-18,2026-05-18,0.0,High,Positive
1434659,MWG,MWG: Giải trình chênh lệch BCTC quý 1/2026 so với cùng kỳ năm trước,,2026-04-28 15:04:37.000,2026-04-28,2026-04-28,-1.8691588785046664,High,Negative
1451036,BAF,BAF chốt phát hành 60 triệu cp,"Ngày 04/06, CTCP Nông nghiệp BAF Việt Nam (HOSE: BAF) thông báo tiến hành phát hành cổ phiếu trả cổ tức và cổ phiếu thưởng, tổng khối lượng tới hơn 60 triệu cp, tương đương 20% cổ phiếu lưu hành.",2026-06-05 14:02:00.000,2026-06-05,2026-06-05,0.0,Low,Neutral
1415512,TVD,TVD: Báo cáo tài chính năm 2025,,2026-03-24 11:01:00.000,2026-03-24,2026-03-24,4.414587332053751,High,Neutral
1447653,DIG,Gia đình Chủ tịch DIG tiếp tục bị bán giải chấp khi cổ phiếu giảm giá,"Ngày 25/05, CTCP Chứng khoán MB (MBS) thông báo bán giải chấp chứng khoán ký quỹ của Chủ tịch HĐQT Tổng CTCP Đầu tư Phát triển Xây dựng (HOSE: DIG) cùng người thân trong gia đình. Tổng khối lượng bán xấp xỉ 2.18 triệu cp.",2026-05-28 12:12:46.137,2026-05-28,2026-05-28,-3.3333333333333277,High,Negative
1426053,VC3,VC3: Tài liệu họp Đại hội đồng cổ đông,,2026-04-10 13:49:00.000,2026-04-10,2026-04-10,0.3773584905660431,Low,Neutral
1447505,HCM,HCM: Nghị quyết HĐQT về việc thông qua hạn mức tín dụng tại ACB,,2026-05-27 18:04:43.000,2026-05-27,2026-05-27,0.1818181818181844,Low,Neutral
1430176,DCM,"DCM: Cập nhật, điều chỉnh tài liệu họp ĐHĐCĐ thường niên 2026",,2026-04-20 13:48:06.000,2026-04-20,2026-04-20,-0.5555555555555556,Low,Neutral
1444898,DGC,DGC: Quyết định về việc sửa đổi Điều 2 tại Quyết định số 445/QĐ-SGDHCM ngày 19/05/2026 về việc chuyển cổ phiếu từ diện kiểm soát sang diện hạn chế giao dịch,,2026-05-20 19:05:06.000,2026-05-20,2026-05-20,-1.6393442622950762,Low,Neutral
1430849,DHG,DHG: BCTC quý 1 năm 2026 ,,2026-04-20 00:00:00.000,2026-04-20,2026-04-20,0.10558547143913899,Low,Positive
1442596,HDC,HDC: Nghị quyết HĐQT về việc triển khai phương án phát hành cổ phiếu để trả cổ tức 2025,,2026-05-14 16:25:55.000,2026-05-14,2026-05-14,0.2652519893899053,Low,Positive
1426465,IJC,IJC: Thông báo góp vốn vào công ty liên kết đợt 2,,2026-04-10 18:44:29.000,2026-04-10,2026-04-10,0.476190476190483,High,Positive
1448451,NVL,Novaland muốn miễn trừ các khoản thanh toán chưa thực hiện của lô trái phiếu quốc tế 300 triệu USD,"Tập đoàn Đầu tư Địa ốc No Va (Novaland, HOSE: NVL) thông báo lấy ý kiến người sở hữu lô trái phiếu chuyển đổi quốc tế đang lưu hành có lãi suất 5.25%/năm, đáo hạn vào năm 2027.",2026-05-29 16:25:48.947,2026-05-29,2026-05-29,0.9950248756218946,Low,Negative
1433639,OIL,OIL: Nghị quyết Hội đồng quản trị,,2026-04-24 17:18:00.000,2026-04-24,2026-04-24,-4.081632653061222,Low,Negative
1421553,TDH,TDH: Thông báo về việc xử lý vi phạm đối với cổ phiếu,,2026-04-02 14:37:06.000,2026-04-02,2026-04-02,-0.2739726027397202,High,Negative
1428768,TSC,TSC: Nghị quyết HĐQT thông qua việc mua thêm cổ phần công ty con,,2026-04-16 17:35:00.000,2026-04-16,2026-04-16,-1.249999999999992,Low,Positive
1441897,S99,S99: Báo cáo tài chính quý 1/2026,,2026-05-13 10:22:00.000,2026-05-13,2026-05-13,0.0,High,Neutral
1437866,PVD,PVD: BCTC quý 1 năm 2026 ,,2026-04-29 00:00:00.000,2026-04-29,2026-04-29,2.4193548387096775,Low,Neutral
1436001,SAM,SAM: BCTC Hợp nhất quý 1 năm 2026 ,,2026-04-29 00:00:00.000,2026-04-29,2026-04-29,0.0,Low,Neutral
1445806,PTB,PTB: Giấy chứng nhận đăng ký doanh nghiệp - Công ty Cổ phần Đầu tư nhà Bình Kiến,,2026-05-22 18:01:38.000,2026-05-22,2026-05-22,-2.233250620347391,Low,Negative
1393383,PVB,PVB: Báo cáo tài chính quý 4/2025,,2026-01-21 14:22:00.000,2026-01-21,2026-01-21,-2.9569892473118315,High,Negative
1444408,VIC,"Theo dấu dòng tiền cá mập 19/05: MBB bị bán ròng, VCB và VIC hút vốn","Ngày 19/05, VN-Index rung lắc và đóng cửa giảm 15 điểm về mốc 1,913 điểm. Trong bối cảnh đó, cả khối tự doanh công ty chứng khoán và khối ngoại đều bán ròng.",2026-05-19 19:37:00.000,2026-05-19,2026-05-19,0.710795202132383,Low,Negative
1438221,VMC,VMC: Báo cáo tài chính công ty mẹ Quý 1.2026,,2026-05-05 16:59:00.000,2026-05-05,2026-05-07,0.0,Low,Neutral
1433108,VTO,VTO: BCTC quý 1 năm 2026 ,,2026-04-23 00:00:00.000,2026-04-23,2026-04-23,2.1159153633854686,Low,Neutral
1444836,HDB,HDB: Thông báo về việc thay đổi địa điểm của Chi nhánh và Phòng giao dịch,,2026-05-20 16:43:49.000,2026-05-20,2026-05-20,0.19379844961240586,High,Neutral
1444400,VCB,VCB: Điều lệ công ty sửa đổi 2026,,2026-05-19 18:11:51.000,2026-05-19,2026-05-19,0.31055900621116245,High,Neutral
1446117,VHM,VHM: Nghị quyết HĐQT về việc chào bán và phát hành trái phiếu doanh nghiệp theo hình thức riêng lẻ,,2026-05-25 13:54:45.000,2026-05-25,2026-05-25,-3.0875866414618636,High,Neutral
1440725,KHG,Lộ diện căn hộ mẫu chuẩn Bespoke ngay tâm điểm Đông Bắc TPHCM,"Ngày 09/05, sự kiện khai trương căn hộ mẫu dự án Khải Hoàn Imperial diễn ra sôi động tại Sales Gallery ngay mặt tiền Quốc lộ 13, đối diện AEON Mall Bình Dương Canary, thu hút đông đảo khách hàng cùng hơn 80 đại lý phân phối.",2026-05-11 12:52:00.000,2026-05-11,2026-05-11,0.3773584905660465,High,Positive
1437576,L18,L18: Thay đổi nhân sự,,2026-05-05 09:10:00.000,2026-05-05,2026-05-05,1.8099547511312153,High,Neutral
1439913,BVS,"BVS: Nghị quyết HĐQT Phê duyệt cho Công ty được ký kết các hợp đồng, giao dịch với Người có liên quan",,2026-05-08 11:23:00.000,2026-05-08,2026-05-08,-0.7575757575757549,Low,Negative
1439061,CAN,CAN: Báo cáo tài chính mẹ quý 1.2026,,2026-05-06 14:37:00.000,2026-05-06,2026-05-18,-10.000000000000002,High,Negative
1423572,SKG,"Đầu tư hơn 45 tỷ mua doanh nghiệp đóng tàu, SKG còn phải xử lý thêm khoản nợ gần 28 tỷ","CTCP Tàu cao tốc Superdong - Kiên Giang (HOSE: SKG) dự chi hơn 45 tỷ đồng thâu tóm doanh nghiệp đóng tàu tại địa phương. Đáng nói, sau khi mua lại, SKG phải xử lý gần 28 tỷ đồng nợ phải trả tại đây.",2026-04-06 18:00:00.000,2026-04-06,2026-04-06,0.0,Low,Neutral
1442374,HPG,HPG: Thông báo phát hành cổ phiếu để trả cổ tức,,2026-05-14 08:56:01.000,2026-05-14,2026-05-14,-1.8706791378609224,Low,Neutral
1431312,HUT,"ĐHĐCĐ Tasco: Hoàn thiện nền tảng, tạo đà cho tăng trưởng nhanh cả doanh thu và lợi nhuận trong 2026","Ngày 20 tháng 4 năm 2026, tại Hà Nội, Công ty Cổ phần Tasco (HNX: HUT) đã tổ chức thành công Đại hội đồng cổ đông thường niên năm 2026, trong bối cảnh bước vào giai đoạn phát triển mới sau kết quả tích cực của năm 2025, trên cả khía cạnh tăng trưởng quy mô lẫn hiệu quả hoạt động.",2026-04-21 16:29:00.000,2026-04-21,2026-04-21,-1.8181818181818226,Low,Positive
1441557,INN,INN: Báo cáo tài chính quý 1/2026 (công ty mẹ),,2026-05-12 15:47:00.000,2026-05-12,2026-05-12,-1.5544041450777237,High,Negative
1440810,HAH,HAH: Giấy chứng nhận đăng ký doanh nghiệp thay đổi lần thứ 22,,2026-05-11 14:19:26.000,2026-05-11,2026-05-11,2.3049645390071,Low,Neutral
1433695,SCR,SCR: Nghị quyết và Biên bản họp ĐHĐCĐ thường niên năm tài chính  2025,,2026-04-24 17:48:34.000,2026-04-24,2026-04-24,0.0,Low,Neutral
1449053,ACB,Cổ phiếu ngân hàng tháng 5/2026: Khối ngoại nối dài chuỗi bán ròng,"Tháng 5/2026 chứng kiến sự giằng co của thị trường chứng khoán Việt Nam dưới tác động của tỷ giá và hiệu ứng ""Sell in May"". Trong bối cảnh đó, khối ngoại kéo dài chuỗi bán ròng cổ phiếu ngân hàng sang tháng thứ 4, nhưng vốn hóa toàn ngành vẫn tăng nhẹ nhờ sức kéo từ một số trụ cột.",2026-06-02 10:22:04.170,2026-06-02,2026-06-02,3.5856573705179224,Low,Neutral
1437122,BCM,BCM: BCTC quý 1 năm 2026 ,,2026-04-30 00:00:00.000,2026-04-30,2026-05-04,-0.18726591760299893,Low,Negative
1421429,TAR,TAR: Báo cáo tài chính năm 2025 (Công ty mẹ),,2026-04-02 10:37:00.000,2026-04-02,2026-04-03,0.0,Low,Neutral
1410455,NTL,NTL: Nghị quyết HĐQT về việc phê duyệt hạn mức đầu tư chứng khoán bổ sung,,2026-03-10 17:26:55.000,2026-03-10,2026-03-10,3.503184713375801,High,Neutral
1445101,SHS,SHS tư vấn thành công thương vụ đấu giá cổ phần chủ hãng bia Việt Hà,"Ngày 18/05/2026, Sở Giao dịch Chứng khoán Hà Nội (HNX) đã tổ chức thành công thương vụ đấu giá 51% cổ phần của UBND Thành phố Hà Nội tại CTCP Kinh doanh và Đầu tư Việt Hà với tổng giá trị 853 tỷ đồng (tương đương 33 triệu USD). Đội ngũ Tư vấn Khối Ngân hàng Đầu tư - CTCP Chứng khoán Sài Gòn - Hà Nội (SHS) là đơn vị tư vấn độc quyền đã thực hiện thành công thương vụ này.",2026-05-21 15:47:19.763,2026-05-21,2026-05-21,3.5087719298245488,Low,Positive
1441281,SRA,SRA: Quyết định về việc duy trì diện bị kiểm soát và Thông báo tình trạng chứng khoán,,2026-05-12 11:07:00.000,2026-05-12,2026-05-15,5.882352941176476,High,Neutral
1450087,SSB,SSB: Thông báo thay đổi số lượng cổ phiếu có quyền biểu quyết đang lưu hành,,2026-06-03 14:29:28.000,2026-06-03,2026-06-03,-0.34722222222222715,Low,Neutral
1440402,HQC,HQC: Thông báo về việc nhận được Quyết định về việc thay đổi đăng ký niêm yết,,2026-05-08 18:21:08.000,2026-05-08,2026-05-08,-0.39999999999999153,High,Negative
1439654,VCI,Vợ ông Tô Hải đã thoái hết cổ phần tại VCI,"Sau khoảng 1 tháng thông báo đăng ký thoái toàn bộ hơn 16.9 triệu cp (tỷ lệ 1.47%) đang nắm giữ tại CTCP Chứng khoán Vietcap (HOSE: VCI), mới đây bà Trương Nguyễn Thiên Kim cho biết đã hoàn tất giao dịch.",2026-05-07 19:01:24.033,2026-05-07,2026-05-07,0.1930501930501958,High,Neutral
1442633,VIX,VIX: Thông báo về ngày đăng ký cuối cùng tham dự ĐHĐCĐ thường niên 2026,,2026-05-14 00:00:00.000,2026-05-14,2026-05-14,-0.5305039787798483,Low,Neutral
1443765,VJC,"Cuộc đua VN30 quý 1/2026: BSR “chen chân” top 3 lợi nhuận, Vingroup lên ngôi đầu doanh thu","Quý 1/2026 mở màn với bức tranh lợi nhuận sôi động của nhóm VN30 phi tài chính, khi nhiều doanh nghiệp lớn đồng loạt tăng tốc sau giai đoạn trầm lắng.",2026-05-19 09:02:00.000,2026-05-19,2026-05-19,-0.8139534883720964,Low,Positive
1422295,IDC,"IDC đặt kế hoạch lợi nhuận đi ngang, dự kiến xây mới hơn 100 ngàn m2 nhà kho, nhà xưởng","IDC lên kế hoạch 2026 theo hướng thận trọng khi lợi nhuận trước thuế gần như đi ngang, đồng thời đẩy mạnh cho thuê 100ha đất công nghiệp và xây dựng mới hơn 100 ngàn m2 sàn nhà kho, nhà xưởng để khai thác kinh doanh.",2026-04-03 18:02:38.960,2026-04-03,2026-04-03,-2.350427350427338,Low,Neutral
1443313,IMP,IMP: Nghị quyết HĐQT về việc thông qua hợp đồng với bên liên quan của người nội bộ,,2026-05-15 20:18:26.000,2026-05-15,2026-05-15,-1.7003188097768271,High,Neutral
1446113,VNE,VNE: Đính chính thông tin sai lệch trên báo/tạp chí điện tử liên quan đến việc VNECO tham gia dự án đường dây 500kV mạch 3,,2026-05-25 13:57:05.000,2026-05-25,2026-05-25,6.666666666666682,High,Neutral
1421546,VPH,VPH: Thông báo về việc tổ chức ĐHĐCĐ thường niên năm 2026,,2026-04-02 14:34:00.000,2026-04-02,2026-04-02,-0.8982035928143655,Low,Neutral
1427140,HTN,HTN: Nghị quyết HĐQT về việc chốt danh sách cổ đông tham dự ĐHĐCĐ thường niên năm 2026,,2026-04-13 18:09:01.000,2026-04-13,2026-04-13,-1.6483516483516498,Low,Negative
1437121,MST,MST: Thay đổi nhân sự,,2026-05-04 14:37:00.000,2026-05-04,2026-05-04,-1.219512195121947,Low,Negative
1429602,NBB,NBB: Nghị quyết HĐQT thông qua việc bổ sung nội dung trình ĐHĐCĐ thường niên năm tài chính 2025,,2026-04-17 18:13:34.000,2026-04-17,2026-04-17,0.0,Low,Neutral
1446382,LPB,LPB: Thông báo công văn của NHNN về chấp thuận cho LPB thay đổi địa điểm Phòng GD Nhơn Trạch,,2026-05-25 17:29:25.000,2026-05-25,2026-05-25,0.1851851851851878,Low,Neutral
1433074,DGW,DGW: Nghị quyết HĐQT về việc chốt DSCĐ thực hiện quyền nhận cổ tức năm 2025,,2026-04-24 09:13:47.000,2026-04-24,2026-04-24,-3.3831990794016247,Low,Neutral
1425736,DHT,DHT: Thay đổi giấy đăng ký kinh doanh,,2026-04-09 16:55:00.000,2026-04-09,2026-04-09,9.809663250366036,Low,Neutral
1436936,CSC,CSC: Công bố thông tin báo cáo tài chính riêng (mẹ) quý 1,,2026-05-04 11:09:00.000,2026-05-04,2026-05-04,-0.6756756756756852,High,Negative
1451661,CII,CII425021: Công bố thông tin về việc nhóm CII trở thành cổ đông lớn của Công ty Cổ phần Tập đoàn PC1,,2026-06-08 09:57:00.000,2026-06-08,2026-06-08,-0.9063444108761458,High,Neutral
1434661,PHR,PHR: BCTC quý 1 năm 2026 ,,2026-04-24 00:00:00.000,2026-04-24,2026-04-24,0.8237232289950577,Low,Positive
1418565,PPC,PPC: Link công bố tài liệu ĐHĐCĐ bất thường năm 2026,,2026-03-30 13:36:53.000,2026-03-30,2026-03-30,-1.860465116279063,Low,Neutral
1434551,DBC,DBC: Tài liệu họp ĐHĐCĐ thường niên năm 2026,,2026-04-28 13:34:23.000,2026-04-28,2026-04-28,0.40322580645162226,High,Neutral
1431024,SZC,SZC: BCTC quý 1 năm 2026 ,,2026-04-20 00:00:00.000,2026-04-20,2026-04-20,-2.2413793103448225,Low,Negative
1391238,NBC,NBC: Báo cáo quản trị công ty năm 2025,,2026-01-15 15:22:00.000,2026-01-15,2026-01-15,3.2608695652173996,High,Neutral
1428883,AAA,AAA: Báo cáo thường niên năm 2025,,2026-04-16 16:19:39.000,2026-04-16,2026-04-16,-0.1420454545454515,Low,Negative
1445306,OCB,OCB: Thông báo thay đổi nhân sự - Shayannasr Hamed,,2026-05-21 17:58:03.000,2026-05-21,2026-05-21,0.4524886877827958,Low,Neutral
1447164,CEO,CEO: Thông báo ngày đăng ký cuối cùng để chốt quyền trả cổ tức năm 2025,,2026-05-27 13:44:00.000,2026-05-27,2026-05-27,-1.8308080808080756,Low,Neutral
1441949,CMG,CMG: Thông báo thay đổi nhân sự - Miễn nhiệm Phó Chủ tịch điều hành,,2026-05-13 10:53:21.000,2026-05-13,2026-05-13,2.19780219780219,Low,Negative
1435394,SMC,SMC: Cập nhật thay đổi bổ sung Quy chế hoạt động của HĐQT,,2026-04-29 11:24:26.000,2026-04-29,2026-04-29,1.1811023622047274,Low,Neutral
1441896,HDG,"Hà Đô chi gần 610 tỷ lập công ty điện gió, lợi nhuận quý 1 lao dốc 50%","Tập đoàn Hà Đô dự kiến rót hơn 600 tỷ đồng thành lập công ty điện gió, trong bối cảnh Doanh nghiệp khép lại quý đầu năm 2026 với lợi nhuận đi lùi 50%.",2026-05-13 11:51:04.687,2026-05-13,2026-05-13,-0.6181015452538501,Low,Negative
1441691,VNM,VNM: Báo cáo kết quả giao dịch cổ phiếu của tổ chức có liên quan đến người nội bộ PLATINUM VICTORY PTE.LTD,,2026-05-12 17:25:15.000,2026-05-12,2026-05-12,-1.3311148086522535,High,Neutral
1441216,NKG,NKG: Nghị quyết HĐQT số 07/2026 ngày 11/05/2026 và Điều lệ công ty sửa đổi lần thứ 27,,2026-05-12 09:21:31.000,2026-05-12,2026-05-12,0.7220216606498169,Low,Neutral
1435408,GEX,Doanh thu và lợi nhuận GELEX tăng trưởng 2 chữ số quý đầu năm,"CTCP Tập đoàn GELEX (HOSE: GEX) ghi nhận kết quả kinh doanh tăng trưởng hai chữ số, trong bối cảnh Doanh nghiệp đẩy mạnh triển khai các dự án chiến lược và mở rộng quy mô hoạt động.",2026-04-29 12:37:00.000,2026-04-29,2026-04-29,0.5192878338278952,Low,Positive
1442858,GIC,GIC: Nghị quyết Hội đồng quản trị,,2026-05-15 10:30:00.000,2026-05-15,2026-05-21,0.0,Low,Neutral
1426947,HAX,"HAX: Nghị quyết HĐQT về việc tăng vốn tại CTCP SX, TM và Dịch vụ Ô tô PTM",,2026-04-13 16:37:59.000,2026-04-13,2026-04-13,0.47393364928908943,Low,Neutral
1437330,HEV,HEV: Ngày đăng ký cuối cùng Đại hội đồng cổ đông thường niên năm 2026,,2026-05-04 17:09:00.000,2026-05-04,2026-05-05,-10.000000000000002,Low,Negative
1433265,HAG,HAG: Bản Trích lục Nghị quyết HĐQT số 09/26 và 11/26 ngày 22/04/2026,,2026-04-24 14:11:57.000,2026-04-24,2026-04-24,-0.6134969325153461,Low,Neutral
1434418,VGC,VGC: BCTC Hợp nhất quý 1 năm 2026 ,,2026-04-25 00:00:00.000,2026-04-25,2026-04-28,-0.9302325581395315,High,Negative
1445197,VND,VND: CBTT ngày ĐKCC thực hiện quyền nhận thanh toán lãi trái phiếu VND125033,,2026-05-21 16:33:15.000,2026-05-21,2026-05-21,6.733794839521713,Low,Neutral
1443398,IDJ,"Sau kiểm toán, IDJ tăng lỗ năm 2025 thêm 55 tỷ đồng","CTCP IDJ Việt Nam (HNX: IDJ) vừa công bố báo cáo tài chính kiểm toán năm 2025, sau khi bị Sở Giao dịch Chứng khoán Hà Nội (HNX) đưa vào diện cảnh báo do chậm nộp báo cáo vào ngày 24/04. So với số liệu tự lập, khoản lỗ của Công ty tăng thêm 55 tỷ đồng sau kiểm toán, qua đó nâng mức lỗ cả năm 2025 lên 160 tỷ đồng.",2026-05-16 10:04:18.520,2026-05-16,2026-05-18,-4.255319148936174,High,Negative
1422650,PVG,PVG: Nghị quyết Hội đồng quản trị,,2026-04-03 15:45:00.000,2026-04-03,2026-04-03,-1.4925373134328437,Low,Negative
1433195,DXS,"ĐHĐCĐ DXS: Kế hoạch lợi nhuận ròng tăng 50%, tham gia sâu chuỗi giá trị bất động sản","Tại ĐHĐCĐ thường niên 2026, CTCP Dịch vụ Bất động sản Đất Xanh (Dat Xanh Services , HOSE: DXS) thông qua lợi nhuận sau thuế cổ đông công ty mẹ 527 tỷ đồng, tăng 50% so với năm trước. Công ty cho biết đang bước vào giai đoạn tăng trưởng mới, đồng thời chuyển dịch mô hình từ dịch vụ môi giới sang tham gia sâu hơn vào toàn bộ chuỗi giá trị bất động sản.",2026-04-24 14:16:10.770,2026-04-24,2026-04-24,-1.3698630136986254,High,Positive
1449365,EIB,EIB: Thông báo thay đổi nhân sự - Miễn nhiệm 03 Phó Tổng Giám đốc,,2026-06-01 17:55:07.000,2026-06-01,2026-06-01,-1.6355140186915789,Low,Negative
1434585,PVC,PVC: Tài liệu họp Đại hội đồng cổ đông,,2026-04-28 14:17:00.000,2026-04-28,2026-04-28,1.3793103448275814,High,Neutral
1449757,SBT,SBT: Thông báo thay đổi nhân sự - Nghị quyết HĐQT về việc miễn nhiệm Phó TGĐ khối cung ứng,,2026-06-02 17:06:48.000,2026-06-02,2026-06-02,0.49751243781093457,High,Negative
1434807,DTD,DTD: Nghị quyết Đại hội đồng cổ đông thường niên năm 2026,,2026-04-28 14:56:00.000,2026-04-28,2026-04-28,-5.813953488372093,Low,Negative
1428767,FIT,FIT: Nghị quyết HĐQT về việc tăng vốn tại công ty con,,2026-04-16 17:35:00.000,2026-04-16,2026-04-16,0.0,Low,Neutral
1443492,TPB,"Tỷ lệ LDR quý 1: Thanh khoản thu hẹp, ngân hàng đối mặt sức ép chi phí vốn trong ngắn hạn","Việc tín dụng phục hồi nhanh trong khi dòng tiền huy động tăng chậm đang khiến ""bộ đệm"" thanh khoản tại nhiều ngân hàng mỏng đi đáng kể. Tỷ lệ LDR gia tăng, dù chưa phải là nguy cơ thiếu hụt mang tính hệ thống, giới chuyên gia cảnh báo đây là tín hiệu sớm cho một cuộc đua lãi suất huy động mới, nơi áp lực chi phí vốn sẽ đè nặng lên các nhà băng trong các quý tiếp theo.",2026-05-18 11:11:52.717,2026-05-18,2026-05-18,-0.9677419354838732,High,Negative
1431524,SJS,SJS: BCTC quý 1 năm 2026 ,,2026-04-21 00:00:00.000,2026-04-21,2026-04-21,6.9216757741347985,High,Positive
1407734,C4G,C4G: Ngày đăng ký cuối cùng Đại hội đồng cổ đông thường niên năm 2026,,2026-03-03 16:40:00.000,2026-03-03,2026-03-03,-2.5974025974025996,High,Negative
1436761,VNG,VNG: BCTC quý 1 năm 2026 ,,2026-04-29 00:00:00.000,2026-04-29,2026-04-29,0.0,High,Neutral
1441018,VSC,"Tiếp tục bổ sung đội tàu, Hải An nâng tổng sức chở vượt ngưỡng 33 ngàn TEU","Ngày 05/05 vừa, Đại diện Công ty TNHH Hải An Green Shipping Lines - một công ty liên kết của CTCP Vận tải và Xếp dỡ Hải An (HOSE: HAH) - đã ký kết biên bản cùng với đối tác đến từ Đức về việc bàn giao tàu container mang tên Hammonia Baltica.",2026-05-11 21:02:00.000,2026-05-11,2026-05-11,-2.433628318584074,High,Positive
1423727,WSS,WSS: Thông báo tổ chức họp và các tài liệu Đại hội đồng cổ đông thường niên năm 2026,,2026-04-06 00:00:00.000,2026-04-06,2026-04-06,-3.174603174603177,Low,Neutral
1445322,FPT,FPT: Báo cáo kết quả giao dịch cổ phiếu của tổ chức có liên quan đến Người nội bộ Công ty TNHH MTV Đầu tư SCIC (SIC),,2026-05-21 18:19:01.000,2026-05-21,2026-05-21,-1.8287834614365168,Low,Negative
1430013,FRT,FRT: Biên bản họp và Nghị quyết ĐHĐCĐ thường niên năm 2026,,2026-04-20 10:20:24.000,2026-04-20,2026-04-20,0.13262599469495265,Low,Neutral
1438127,VCG,VCG: Thông báo thay đổi nhân sự,,2026-05-05 17:25:00.000,2026-05-05,2026-05-05,1.531728665207868,Low,Neutral
1438524,ORS,ORS: Miễn nhiệm Kiểm toán nội bộ . Bổ nhiệm Trưởng Kiểm toán nội bộ/Dismissal of the Internal Auditor; Appointment of the Head of Internal Audit,,2026-05-05 00:00:00.000,2026-05-05,2026-05-05,4.182509505703414,Low,Neutral
1442973,PAN,PAN: Thông báo nhận được công văn của UBCKNN về tài liệu báo cáo kết quả phát hành cổ phiếu để tăng vốn cổ phần từ nguồn vốn chủ sở hữu,,2026-05-15 14:12:15.000,2026-05-15,2026-05-15,-0.160384923817172,High,Neutral
1442051,PNJ,PNJ: Giấy xác nhận về việc thay đổi nội dung đăng ký doanh nghiệp,,2026-05-13 13:30:18.000,2026-05-13,2026-05-13,-0.14367816091953206,Low,Neutral
1443628,VPI,Doanh nghiệp bất động sản chuyển từ mở rộng địa lý sang xây dựng hệ giá trị,"Thị trường bất động sản đang được định nghĩa lại, khi khác biệt không còn nằm ở quy mô, mà ở khả năng kiến tạo chuẩn sống có chiều sâu, khi người mua ưu tiên tìm kiếm môi trường sống phản ánh kỳ vọng dài hạn.",2026-05-18 14:42:00.000,2026-05-18,2026-05-18,-0.317460317460322,High,Neutral
1443735,GMD,"Loạt cổ đông lớn sang tay hơn 3.5 triệu cổ phiếu FCC, đẩy giá tăng trần","CTCP Liên hợp Thực phẩm (UPCoM: FCC) ghi nhận một loạt giao dịch sang tay hàng triệu cổ phiếu giữa các cổ đông lớn, đẩy giá mã này tăng kịch trần. Đáng chú ý, đợt sang tay ồ ạt này diễn ra ngay trong bối cảnh FCC đang chuẩn bị các thủ tục hủy tư cách công ty đại chúng do không đáp ứng đủ điều kiện về vốn chủ sở hữu.",2026-05-18 17:56:10.433,2026-05-18,2026-05-18,-1.0071013557133648,Low,Neutral
1436061,POW,POW: BCTC Hợp nhất quý 1 năm 2026 ,,2026-04-29 00:00:00.000,2026-04-29,2026-04-29,5.13833992094862,Low,Positive
1444406,KDC,KDC: Báo cáo kết quả giao dịch cổ phiếu của Người nội bộ Nguyễn Thị Xuân Liễu,,2026-05-19 18:11:49.000,2026-05-19,2026-05-19,-0.41237113402062436,Low,Negative
1409917,LAS,LAS: Ngày đăng ký cuối cùng chốt danh sách cổ đông để tổ chức đại hội đồng cổ đông thường niên năm 2026,,2026-03-09 15:21:00.000,2026-03-09,2026-03-09,8.670520231213873,High,Neutral
1444172,MAC,MAC: Nghị quyết Hội đồng quản trị,,2026-05-19 15:29:00.000,2026-05-19,2026-05-20,-3.937007874015748,High,Negative
1446072,MBB,Bất đối xứng lãi suất: Vì sao đầu ra chưa giảm kịp đầu vào?,"Các ngân hàng công bố lãi suất cho vay bình quân tháng 4/2026 tăng nhẹ so với tháng trước, dù mặt bằng lãi suất huy động đã giảm.",2026-05-25 14:52:55.913,2026-05-25,2026-05-25,2.8225806451612874,Low,Neutral
1414880,CLH,CLH: Về việc đính chính thông tin trong kỳ báo cáo kiểm toán cho kỳ kiểm toán ngày 31,,2026-03-23 09:08:00.000,2026-03-23,2026-03-23,0.4721930745015732,High,Neutral
1426798,PVS,PVS: Thông báo về Ngày đăng ký cuối cùng,,2026-04-13 14:16:00.000,2026-04-13,2026-04-13,-1.781170483460549,Low,Negative
1424218,NT2,NT2: Thông báo về ngày đăng ký cuối cùng tổ chức họp ĐHĐCĐ thường niên năm 2026,,2026-04-07 16:33:33.000,2026-04-07,2026-04-07,3.968253968253968,Low,Neutral
1432881,PGS,PGS: Thay đổi nhân sự,,2026-04-23 17:27:00.000,2026-04-23,2026-04-29,-10.009285051067781,High,Negative
1443602,VPB,VPB: Link công bố Nghị quyết HĐQT phê duyệt ký kết các tài liệu giao dịch liên quan đến khoản vay giai đoạn 1 với SMBC và bên cho vay khác,,2026-05-18 11:16:57.000,2026-05-18,2026-05-18,-2.550091074681236,Low,Neutral
1409006,ALV,ALV: Ngày đăng ký cuối cùng Tham dự cuộc họp Đại hội đồng cổ đông thường niên năm 2026,,2026-03-06 09:22:00.000,2026-03-06,2026-03-06,-9.722222222222223,Low,Negative
1429737,ANV,Phó Tổng giám đốc Doãn Chí Thiên đã gom thêm 1 triệu cổ phiếu ANV,Phó Tổng giám đốc CTCP Nam Việt (HOSE: ANV) hoàn tất mua vào 1 triệu cổ phiếu để nâng tổng tỷ lệ sở hữu của gia đình lên trên mức 55%. Động thái này diễn ra trong bối cảnh doanh nghiệp công bố kế hoạch kinh doanh năm 2026 thận trọng.,2026-04-18 12:06:20.123,2026-04-18,2026-04-20,-1.771653543307084,Low,Neutral
1435020,NLG,NLG: Nghị quyết HĐQT về việc thay đổi người đại diện theo pháp luật,,2026-04-28 17:50:33.000,2026-04-28,2026-04-28,0.702922678505356,Low,Neutral
1445855,BID,"BIDV thu 1,365 tỷ đồng từ đợt chào bán trái phiếu ra công chúng đợt 2","Ngân hàng TMCP Đầu tư và Phát triển Việt Nam (BIDV, HOSE: BID) công bố kết quả đợt chào bán trái phiếu ra công chúng đợt 2.",2026-05-23 09:45:58.353,2026-05-23,2026-05-25,1.3953488372093057,Low,Positive
1440282,ELC,ELC: Đính chính thông báo thay đổi nhân sự,,2026-05-08 17:35:37.000,2026-05-08,2026-05-08,-1.7647058823529453,Low,Neutral
1441037,PVT,PVT: Nghị quyết HĐQT số 29 ngày 11/05/2026,,2026-05-11 17:54:45.000,2026-05-11,2026-05-11,-0.43562439496611743,High,Negative
1425480,QCG,Dự án “sống còn” của Quốc Cường Gia Lai bị loại khỏi danh mục thí điểm nhà ở thương mại,"TPHCM công bố danh mục có 33 khu đất với tổng diện tích hơn 489ha không đáp ứng yêu cầu đưa vào danh mục khu đất dự kiến thực hiện dự án thí điểm nhà ở thương mại. Trong đó, có dự án “sống còn” của Quốc Cường Gia Lai.",2026-04-09 17:30:45.163,2026-04-09,2026-04-09,2.430555555555553,High,Negative
1427696,RAL,RAL: Thông báo về ngày đăng ký cuối cùng tổ chức ĐHĐCĐ thường niên năm 2026. tạm ứng cổ tức bằng tiền đợt 2 năm 2025,,2026-04-14 17:46:57.000,2026-04-14,2026-04-14,0.33483431474426306,Low,Neutral
1449003,REE,REE nhận bảo lãnh khoản vay 1.5 ngàn tỷ cho dự án điện gió tại Vĩnh Long,"Ngày 29/05, CTCP Cơ Điện Lạnh (HOSE: REE) công bố nghị quyết thông qua việc chấp thuận khoản vay hơn 1.5 ngàn tỷ đồng cho dự án Nhà máy Điện gió V1-3 giai đoạn 2.",2026-06-01 12:41:10.333,2026-06-01,2026-06-01,-1.3671875000000056,High,Positive
1433506,GEG,"ĐHĐCĐ GEG: Mục tiêu lãi 380 tỷ đồng, điện mặt trời Đức Huệ 2 sắp áp dụng DPPA","Năm 2025, CTCP Điện Gia Lai (GEC, HOSE: GEG) ghi nhận lãi sau thuế tăng vọt lên hơn 947 tỷ đồng, với sự đóng góp lớn từ việc được hoàn nhập giá điện sau khi đàm phán giá thành công đối với dự án điện gió Tân Phú Đông 1. Sang năm 2026, Doanh nghiệp đặt mục tiêu lãi trước và sau thuế lần lượt 460 và 380 tỷ đồng, thấp hơn năm trước, nhưng tăng mạnh so với giai đoạn trước khi đàm phán giá điện thành công.",2026-04-24 17:46:21.710,2026-04-24,2026-04-24,-2.3741007194244608,Low,Positive
1430189,VIG,VIG: BCTC quý 1 năm 2026 ,,2026-04-20 00:00:00.000,2026-04-20,2026-04-20,0.0,High,Neutral
1446562,BSI,BSI: Quyết định của HĐQT về việc phê duyệt hạn mức tin dụng tại Vietcombank,,2026-05-26 09:37:53.000,2026-05-26,2026-05-26,-0.7042253521126761,High,Positive
1441147,BSR,BSR: Nghị quyết HĐQT về việc thay đổi tên công ty,,2026-05-11 19:00:05.000,2026-05-11,2026-05-11,4.86486486486487,High,Neutral
1422766,CIA,CIA: Nghị quyết Hội đồng quản trị,,2026-04-03 16:50:00.000,2026-04-03,2026-04-03,3.2258064516128915,High,Neutral
1437802,PLX,Petrolimex lỗ bao nhiêu trong quý 1?,"Tập đoàn Xăng dầu Việt Nam (Petrolimex, HOSE: PLX) khép lại quý 1/2026 với doanh thu thuần tăng vọt, nhưng lỗ ròng nặng do khoản trích lập dự phòng trước ảnh hưởng của biến động giá xăng dầu thế giới.",2026-05-05 14:02:00.000,2026-05-05,2026-05-05,-0.6369426751592357,Low,Negative
1419510,FMC,FMC: Giải trình chênh lệch BCTC năm 2025 đã kiểm toán,,2026-03-31 13:46:07.000,2026-03-31,2026-03-31,0.13713658804168172,Low,Neutral
1449745,SHB,SHB viết tiếp câu chuyện đồng hành cùng đất nước với diện mạo mới và khát vọng vươn tầm,"Suốt hơn ba thập kỷ phát triển, SHB không chỉ là câu chuyện về sự lớn mạnh của một định chế thuộc TOP 5 Ngân hàng tư nhân lớn nhất Việt Nam, mà còn đóng góp vào hành trình của khát vọng Việt Nam vươn mình trong dòng chảy hội nhập. SHB hôm nay đang chuyển mình mạnh mẽ, kế thừa những thành tựu, nền tảng vững mạnh đã có để tiếp nối và bứt tốc chinh phục những cột mốc mới, với tầm nhìn của Chủ tịch HĐQT Đỗ Quang Hiển về một Ngân hàng vươn tầm khu vực và quốc tế.",2026-06-03 08:30:00.000,2026-06-03,2026-06-03,0.0,High,Positive
1437798,VNT,VNT: Báo cáo tài chính công ty mẹ Quý 1 năm 2026,,2026-05-05 10:04:00.000,2026-05-05,,,,Neutral
1426703,ITA,ITA: Thông báo ngày đăng ký cuối cùng để thực hiện quyền tham dự ĐHĐCĐ thường niên 2026,,2026-04-13 12:21:00.000,2026-04-13,,,,Neutral
1401816,BCG,"Cùng lý do ""bất khả kháng"", BCG và TCD lại xin hoãn loạt BCTC kiểm toán","Hai doanh nghiệp trong hệ sinh thái Bamboo Capital tiếp tục chậm công bố BCTC kiểm toán 2024, 2025 và soát xét bán niên 2025, do các vướng mắc chưa được tháo gỡ.",2026-02-09 14:15:00.000,2026-02-09,,,,Negative
1364319,KLF,KLF: Đơn xin từ nhiệm,,2025-10-22 16:38:00.000,2025-10-22,,,,Negative
